<!DOCTYPE suite SYSTEM "http://testng.org/testng-1.0.dtd" >

<suite name="TestAll">
    <listeners>
	<!-- 	<listener class-name="listener.ExtentReporterNG" /> -->
	</listeners>

  <test name="SignIN and Error Validation">
  <classes>
    <class name="tests.SignInTests" >
             <methods>
            <include name="userNameErrorValidation"/>
            <include name="passWordErrorValidation"/>
            <include name="signIn"/>
            </methods>
    </class>
  </classes>
</test>


    


</suite>

