<!DOCTYPE suite SYSTEM "http://testng.org/testng-1.0.dtd" >

<suite name="TestAll">
    <listeners>
	<!-- 	<listener class-name="listener.ExtentReporterNG" /> -->
	</listeners>
<!-- 
  <test name="SignIN and Touch Validation">
  <classes>
    <class name="roughCode.SwipteTest" >
             <methods>
            <include name="swipeToDeleteCardViews"/>
            </methods>
    </class>
  </classes>
</test> -->

<!-- <test name="Favourites Tests">
  <classes>
    <class name="tests.FavouritesTests" >
             <methods>
            <include name="verifyFavouritiesIsEmpty"/>
            <include name="searchAddToFavourities"/>
            <include name="removeItemsFromFavourities"/>
             </methods>
    </class>
  </classes> 
</test>-->

 <test name="Search Add Remove Cart Tests">
  <classes>
    <class name="tests.SearchAddRemoveTests" >
             <methods>
           
            <include name="verifySortAndFilter"/>
            </methods>
    </class>
  </classes>
</test> 


    


</suite>

